domain,label
convertkit-mail.com,ConvertKit Mail
click.convertkit-mail.com,ConvertKit Mail
convertkit-mail2.com,ConvertKit Mail
click.convertkit-mail2.com,ConvertKit Mail
convertkit-mail3.com,ConvertKit Mail
click.convertkit-mail3.com,ConvertKit Mail
convertkit-mail4.com,ConvertKit Mail
click.convertkit-mail4.com,ConvertKit Mail
convertkit-mail5.com,ConvertKit Mail
click.convertkit-mail5.com,ConvertKit Mail
convertkit-mail6.com,ConvertKit Mail
click.convertkit-mail6.com,ConvertKit Mail
kit-mail1.com,Kit Mail
click.kit-mail1.com,Kit Mail
kit-mail2.com,Kit Mail
click.kit-mail2.com,Kit Mail
kit-mail3.com,Kit Mail
click.kit-mail3.com,Kit Mail
kit-mail4.com,Kit Mail
click.kit-mail4.com,Kit Mail
kit-mail5.com,Kit Mail
click.kit-mail5.com,Kit Mail
kit-mail6.com,Kit Mail
click.kit-mail6.com,Kit Mail
